segment,timestamp,latitude,longitude,altitude_m,speed_m_s,activity,elapsed_s,speed_valid,horizontal_accuracy_m,vertical_accuracy_m,course_deg,course_accuracy_deg,speed_accuracy_m_s,schema_version
1,2026-01-01T12:00:00.000Z,51.5315000,-0.1580000,37.00,3.300,cycling,0,true,4.0,6.0,90.0,8.0,0.2,2
1,2026-01-01T12:00:01.000Z,51.5315042,-0.1579650,37.15,3.350,cycling,1,true,4.0,6.0,90.0,8.0,0.2,2
1,2026-01-01T12:00:02.000Z,51.5315083,-0.1579300,37.30,3.399,cycling,2,true,4.0,6.0,90.0,8.0,0.2,2
1,2026-01-01T12:00:03.000Z,51.5315125,-0.1578950,37.45,3.448,cycling,3,true,4.0,6.0,90.0,8.0,0.2,2
1,2026-01-01T12:00:04.000Z,51.5315167,-0.1578600,37.60,3.495,cycling,4,true,4.0,6.0,90.0,8.0,0.2,2
1,2026-01-01T12:00:05.000Z,51.5315208,-0.1578250,37.74,3.540,cycling,5,true,4.0,6.0,90.0,8.0,0.2,2
1,2026-01-01T12:00:06.000Z,51.5315250,-0.1577900,37.89,3.582,cycling,6,true,4.0,6.0,90.0,8.0,0.2,2
1,2026-01-01T12:00:07.000Z,51.5315291,-0.1577550,38.03,3.622,cycling,7,true,4.0,6.0,90.0,8.0,0.2,2
1,2026-01-01T12:00:08.000Z,51.5315332,-0.1577200,38.17,3.659,cycling,8,true,4.0,6.0,90.0,8.0,0.2,2
1,2026-01-01T12:00:09.000Z,51.5315374,-0.1576850,38.30,3.692,cycling,9,true,4.0,6.0,90.0,8.0,0.2,2
1,2026-01-01T12:00:10.000Z,51.5315415,-0.1576500,38.44,3.721,cycling,10,true,4.0,6.0,90.0,8.0,0.2,2
1,2026-01-01T12:00:11.000Z,51.5315456,-0.1576150,38.57,3.746,cycling,11,true,4.0,6.0,90.0,8.0,0.2,2
1,2026-01-01T12:00:12.000Z,51.5315497,-0.1575800,38.69,3.766,cycling,12,true,4.0,6.0,90.0,8.0,0.2,2
1,2026-01-01T12:00:13.000Z,51.5315537,-0.1575450,38.82,3.782,cycling,13,true,4.0,6.0,90.0,8.0,0.2,2
1,2026-01-01T12:00:14.000Z,51.5315578,-0.1575100,38.93,3.793,cycling,14,true,4.0,6.0,90.0,8.0,0.2,2
1,2026-01-01T12:00:15.000Z,51.5315619,-0.1574750,39.04,3.799,cycling,15,true,4.0,6.0,90.0,8.0,0.2,2
1,2026-01-01T12:00:16.000Z,51.5315659,-0.1574400,39.15,3.800,cycling,16,true,4.0,6.0,90.0,8.0,0.2,2
1,2026-01-01T12:00:17.000Z,51.5315699,-0.1574050,39.25,3.796,cycling,17,true,4.0,6.0,90.0,8.0,0.2,2
1,2026-01-01T12:00:18.000Z,51.5315739,-0.1573700,39.35,3.787,cycling,18,true,4.0,6.0,90.0,8.0,0.2,2
1,2026-01-01T12:00:19.000Z,51.5315779,-0.1573350,39.44,3.773,cycling,19,true,4.0,6.0,90.0,8.0,0.2,2
1,2026-01-01T12:00:20.000Z,51.5315818,-0.1573000,39.52,3.755,cycling,20,true,4.0,6.0,90.0,8.0,0.2,2
1,2026-01-01T12:00:21.000Z,51.5315857,-0.1572650,39.60,3.732,cycling,21,true,4.0,6.0,90.0,8.0,0.2,2
1,2026-01-01T12:00:22.000Z,51.5315896,-0.1572300,39.67,3.704,cycling,22,true,4.0,6.0,90.0,8.0,0.2,2
1,2026-01-01T12:00:23.000Z,51.5315935,-0.1571950,39.74,3.673,cycling,23,true,4.0,6.0,90.0,8.0,0.2,2
1,2026-01-01T12:00:24.000Z,51.5315974,-0.1571600,39.80,3.638,cycling,24,true,4.0,6.0,90.0,8.0,0.2,2
1,2026-01-01T12:00:25.000Z,51.5316012,-0.1571250,39.85,3.599,cycling,25,true,4.0,6.0,90.0,8.0,0.2,2
1,2026-01-01T12:00:26.000Z,51.5316050,-0.1570900,39.89,3.558,cycling,26,true,4.0,6.0,90.0,8.0,0.2,2
1,2026-01-01T12:00:27.000Z,51.5316087,-0.1570550,39.93,3.514,cycling,27,true,4.0,6.0,90.0,8.0,0.2,2
1,2026-01-01T12:00:28.000Z,51.5316125,-0.1570200,39.96,3.467,cycling,28,true,4.0,6.0,90.0,8.0,0.2,2
1,2026-01-01T12:00:29.000Z,51.5316162,-0.1569850,39.98,3.420,cycling,29,true,4.0,6.0,90.0,8.0,0.2,2
1,2026-01-01T12:00:30.000Z,51.5316199,-0.1569500,39.99,3.371,cycling,30,true,4.0,6.0,90.0,8.0,0.2,2
1,2026-01-01T12:00:31.000Z,51.5316235,-0.1569150,40.00,3.321,cycling,31,true,4.0,6.0,90.0,8.0,0.2,2
1,2026-01-01T12:00:32.000Z,51.5316271,-0.1568800,40.00,3.271,cycling,32,true,4.0,6.0,90.0,8.0,0.2,2
1,2026-01-01T12:00:33.000Z,51.5316307,-0.1568450,39.99,3.221,cycling,33,true,4.0,6.0,90.0,8.0,0.2,2
1,2026-01-01T12:00:34.000Z,51.5316342,-0.1568100,39.97,3.172,cycling,34,true,4.0,6.0,90.0,8.0,0.2,2
1,2026-01-01T12:00:35.000Z,51.5316377,-0.1567750,39.95,3.125,cycling,35,true,4.0,6.0,90.0,8.0,0.2,2
1,2026-01-01T12:00:36.000Z,51.5316412,-0.1567400,39.92,3.079,cycling,36,true,4.0,6.0,90.0,8.0,0.2,2
1,2026-01-01T12:00:37.000Z,51.5316446,-0.1567050,39.88,3.035,cycling,37,true,4.0,6.0,90.0,8.0,0.2,2
1,2026-01-01T12:00:38.000Z,51.5316480,-0.1566700,39.84,2.994,cycling,38,true,4.0,6.0,90.0,8.0,0.2,2
1,2026-01-01T12:00:39.000Z,51.5316513,-0.1566350,39.79,2.956,cycling,39,true,4.0,6.0,90.0,8.0,0.2,2
1,2026-01-01T12:00:40.000Z,51.5316546,-0.1566000,39.73,2.922,cycling,40,true,4.0,6.0,90.0,8.0,0.2,2
1,2026-01-01T12:00:41.000Z,51.5316578,-0.1565650,39.66,2.891,cycling,41,true,4.0,6.0,90.0,8.0,0.2,2
1,2026-01-01T12:00:42.000Z,51.5316611,-0.1565300,39.59,2.864,cycling,42,true,4.0,6.0,90.0,8.0,0.2,2
1,2026-01-01T12:00:43.000Z,51.5316642,-0.1564950,39.51,2.842,cycling,43,true,4.0,6.0,90.0,8.0,0.2,2
1,2026-01-01T12:00:44.000Z,51.5316673,-0.1564600,39.43,2.824,cycling,44,true,4.0,6.0,90.0,8.0,0.2,2
1,2026-01-01T12:00:45.000Z,51.5316704,-0.1564250,39.33,2.811,cycling,45,true,4.0,6.0,90.0,8.0,0.2,2
1,2026-01-01T12:00:46.000Z,51.5316734,-0.1563900,39.24,2.803,cycling,46,true,4.0,6.0,90.0,8.0,0.2,2
1,2026-01-01T12:00:47.000Z,51.5316764,-0.1563550,39.13,2.800,cycling,47,true,4.0,6.0,90.0,8.0,0.2,2
1,2026-01-01T12:00:48.000Z,51.5316793,-0.1563200,39.03,2.802,cycling,48,true,4.0,6.0,90.0,8.0,0.2,2
1,2026-01-01T12:00:49.000Z,51.5316822,-0.1562850,38.91,2.809,cycling,49,true,4.0,6.0,90.0,8.0,0.2,2
1,2026-01-01T12:00:50.000Z,51.5316850,-0.1562500,38.80,2.821,cycling,50,true,4.0,6.0,90.0,8.0,0.2,2
1,2026-01-01T12:00:51.000Z,51.5316878,-0.1562150,38.67,2.837,cycling,51,true,4.0,6.0,90.0,8.0,0.2,2
1,2026-01-01T12:00:52.000Z,51.5316905,-0.1561800,38.55,2.858,cycling,52,true,4.0,6.0,90.0,8.0,0.2,2
1,2026-01-01T12:00:53.000Z,51.5316932,-0.1561450,38.42,2.884,cycling,53,true,4.0,6.0,90.0,8.0,0.2,2
1,2026-01-01T12:00:54.000Z,51.5316958,-0.1561100,38.28,2.914,cycling,54,true,4.0,6.0,90.0,8.0,0.2,2
1,2026-01-01T12:00:55.000Z,51.5316984,-0.1560750,38.14,2.947,cycling,55,true,4.0,6.0,90.0,8.0,0.2,2
1,2026-01-01T12:00:56.000Z,51.5317009,-0.1560400,38.00,2.984,cycling,56,true,4.0,6.0,90.0,8.0,0.2,2
1,2026-01-01T12:00:57.000Z,51.5317034,-0.1560050,37.86,3.025,cycling,57,true,4.0,6.0,90.0,8.0,0.2,2
1,2026-01-01T12:00:58.000Z,51.5317057,-0.1559700,37.72,3.068,cycling,58,true,4.0,6.0,90.0,8.0,0.2,2
1,2026-01-01T12:00:59.000Z,51.5317081,-0.1559350,37.57,3.113,cycling,59,true,4.0,6.0,90.0,8.0,0.2,2
1,2026-01-01T12:01:00.000Z,51.5317104,-0.1559000,37.42,3.160,cycling,60,true,4.0,6.0,90.0,8.0,0.2,2
1,2026-01-01T12:01:01.000Z,51.5317126,-0.1558650,37.27,3.209,cycling,61,true,4.0,6.0,90.0,8.0,0.2,2
1,2026-01-01T12:01:02.000Z,51.5317148,-0.1558300,37.12,3.258,cycling,62,true,4.0,6.0,90.0,8.0,0.2,2
1,2026-01-01T12:01:03.000Z,51.5317169,-0.1557950,36.97,3.308,cycling,63,true,4.0,6.0,90.0,8.0,0.2,2
1,2026-01-01T12:01:04.000Z,51.5317189,-0.1557600,36.82,3.358,cycling,64,true,4.0,6.0,90.0,8.0,0.2,2
1,2026-01-01T12:01:05.000Z,51.5317209,-0.1557250,36.68,,cycling,65,false,4.0,6.0,90.0,8.0,0.2,2
1,2026-01-01T12:01:06.000Z,51.5317228,-0.1556900,36.53,3.456,cycling,66,true,4.0,6.0,90.0,8.0,0.2,2
1,2026-01-01T12:01:07.000Z,51.5317247,-0.1556550,36.38,3.502,cycling,67,true,4.0,6.0,90.0,8.0,0.2,2
1,2026-01-01T12:01:08.000Z,51.5317265,-0.1556200,36.23,3.547,cycling,68,true,4.0,6.0,90.0,8.0,0.2,2
1,2026-01-01T12:01:09.000Z,51.5317282,-0.1555850,36.09,3.589,cycling,69,true,4.0,6.0,90.0,8.0,0.2,2
1,2026-01-01T12:01:10.000Z,51.5317299,-0.1555500,35.95,3.628,cycling,70,true,4.0,6.0,90.0,8.0,0.2,2
1,2026-01-01T12:01:11.000Z,51.5317315,-0.1555150,35.81,3.664,cycling,71,true,4.0,6.0,90.0,8.0,0.2,2
1,2026-01-01T12:01:12.000Z,51.5317330,-0.1554800,35.67,3.697,cycling,72,true,4.0,6.0,90.0,8.0,0.2,2
1,2026-01-01T12:01:13.000Z,51.5317345,-0.1554450,35.54,3.725,cycling,73,true,4.0,6.0,90.0,8.0,0.2,2
1,2026-01-01T12:01:14.000Z,51.5317359,-0.1554100,35.41,3.749,cycling,74,true,4.0,6.0,90.0,8.0,0.2,2
1,2026-01-01T12:01:15.000Z,51.5317372,-0.1553750,35.29,3.769,cycling,75,true,4.0,6.0,90.0,8.0,0.2,2
1,2026-01-01T12:01:16.000Z,51.5317385,-0.1553400,35.16,3.784,cycling,76,true,4.0,6.0,90.0,8.0,0.2,2
1,2026-01-01T12:01:17.000Z,51.5317397,-0.1553050,35.05,3.794,cycling,77,true,4.0,6.0,90.0,8.0,0.2,2
1,2026-01-01T12:01:18.000Z,51.5317409,-0.1552700,34.94,3.799,cycling,78,true,4.0,6.0,90.0,8.0,0.2,2
1,2026-01-01T12:01:19.000Z,51.5317420,-0.1552350,34.83,3.799,cycling,79,true,4.0,6.0,90.0,8.0,0.2,2
1,2026-01-01T12:01:20.000Z,51.5317430,-0.1552000,34.73,3.795,cycling,80,true,4.0,6.0,90.0,8.0,0.2,2
1,2026-01-01T12:01:21.000Z,51.5317439,-0.1551650,34.63,3.785,cycling,81,true,4.0,6.0,90.0,8.0,0.2,2
1,2026-01-01T12:01:22.000Z,51.5317448,-0.1551300,34.55,3.770,cycling,82,true,4.0,6.0,90.0,8.0,0.2,2
1,2026-01-01T12:01:23.000Z,51.5317456,-0.1550950,34.46,3.751,cycling,83,true,4.0,6.0,90.0,8.0,0.2,2
1,2026-01-01T12:01:24.000Z,51.5317464,-0.1550600,34.39,3.727,cycling,84,true,4.0,6.0,90.0,8.0,0.2,2
1,2026-01-01T12:01:25.000Z,51.5317470,-0.1550250,34.32,3.699,cycling,85,true,4.0,6.0,90.0,8.0,0.2,2
1,2026-01-01T12:01:26.000Z,51.5317476,-0.1549900,34.25,3.667,cycling,86,true,4.0,6.0,90.0,8.0,0.2,2
1,2026-01-01T12:01:27.000Z,51.5317482,-0.1549550,34.19,3.631,cycling,87,true,4.0,6.0,90.0,8.0,0.2,2
1,2026-01-01T12:01:28.000Z,51.5317486,-0.1549200,34.15,3.592,cycling,88,true,4.0,6.0,90.0,8.0,0.2,2
1,2026-01-01T12:01:29.000Z,51.5317490,-0.1548850,34.10,3.551,cycling,89,true,4.0,6.0,90.0,8.0,0.2,2
1,2026-01-01T12:01:30.000Z,51.5317494,-0.1548500,34.07,3.506,cycling,90,true,4.0,6.0,90.0,8.0,0.2,2
1,2026-01-01T12:01:31.000Z,51.5317496,-0.1548150,34.04,3.460,cycling,91,true,4.0,6.0,90.0,8.0,0.2,2
1,2026-01-01T12:01:32.000Z,51.5317498,-0.1547800,34.02,3.411,cycling,92,true,4.0,6.0,90.0,8.0,0.2,2
1,2026-01-01T12:01:33.000Z,51.5317499,-0.1547450,34.01,3.362,cycling,93,true,4.0,6.0,90.0,8.0,0.2,2
1,2026-01-01T12:01:34.000Z,51.5317500,-0.1547100,34.00,3.312,cycling,94,true,4.0,6.0,90.0,8.0,0.2,2
1,2026-01-01T12:01:35.000Z,51.5317500,-0.1546750,34.00,3.262,cycling,95,true,4.0,6.0,90.0,8.0,0.2,2
1,2026-01-01T12:01:36.000Z,51.5317499,-0.1546400,34.01,3.213,cycling,96,true,4.0,6.0,90.0,8.0,0.2,2
1,2026-01-01T12:01:37.000Z,51.5317497,-0.1546050,34.03,3.164,cycling,97,true,4.0,6.0,90.0,8.0,0.2,2
1,2026-01-01T12:01:38.000Z,51.5317495,-0.1545700,34.05,3.117,cycling,98,true,4.0,6.0,90.0,8.0,0.2,2
1,2026-01-01T12:01:39.000Z,51.5317492,-0.1545350,34.08,3.071,cycling,99,true,4.0,6.0,90.0,8.0,0.2,2
1,2026-01-01T12:01:40.000Z,51.5317489,-0.1545000,34.12,3.028,cycling,100,true,4.0,6.0,90.0,8.0,0.2,2
1,2026-01-01T12:01:41.000Z,51.5317484,-0.1544650,34.17,2.987,cycling,101,true,4.0,6.0,90.0,8.0,0.2,2
1,2026-01-01T12:01:42.000Z,51.5317479,-0.1544300,34.22,2.950,cycling,102,true,4.0,6.0,90.0,8.0,0.2,2
1,2026-01-01T12:01:43.000Z,51.5317473,-0.1543950,34.28,2.916,cycling,103,true,4.0,6.0,90.0,8.0,0.2,2
1,2026-01-01T12:01:44.000Z,51.5317467,-0.1543600,34.35,2.886,cycling,104,true,4.0,6.0,90.0,8.0,0.2,2
1,2026-01-01T12:01:45.000Z,51.5317460,-0.1543250,34.42,2.860,cycling,105,true,4.0,6.0,90.0,8.0,0.2,2
1,2026-01-01T12:01:46.000Z,51.5317452,-0.1542900,34.50,2.839,cycling,106,true,4.0,6.0,90.0,8.0,0.2,2
1,2026-01-01T12:01:47.000Z,51.5317444,-0.1542550,34.59,2.822,cycling,107,true,4.0,6.0,90.0,8.0,0.2,2
1,2026-01-01T12:01:48.000Z,51.5317435,-0.1542200,34.68,2.810,cycling,108,true,4.0,6.0,90.0,8.0,0.2,2
1,2026-01-01T12:01:49.000Z,51.5317425,-0.1541850,34.78,2.802,cycling,109,true,4.0,6.0,90.0,8.0,0.2,2
1,2026-01-01T12:01:50.000Z,51.5317414,-0.1541500,34.88,2.800,cycling,110,true,4.0,6.0,90.0,8.0,0.2,2
1,2026-01-01T12:01:51.000Z,51.5317403,-0.1541150,34.99,2.803,cycling,111,true,4.0,6.0,90.0,8.0,0.2,2
1,2026-01-01T12:01:52.000Z,51.5317391,-0.1540800,35.11,2.810,cycling,112,true,4.0,6.0,90.0,8.0,0.2,2
1,2026-01-01T12:01:53.000Z,51.5317379,-0.1540450,35.22,2.823,cycling,113,true,4.0,6.0,90.0,8.0,0.2,2
1,2026-01-01T12:01:54.000Z,51.5317366,-0.1540100,35.35,2.840,cycling,114,true,4.0,6.0,90.0,8.0,0.2,2
1,2026-01-01T12:01:55.000Z,51.5317352,-0.1539750,35.48,2.862,cycling,115,true,4.0,6.0,90.0,8.0,0.2,2
1,2026-01-01T12:01:56.000Z,51.5317338,-0.1539400,35.61,2.889,cycling,116,true,4.0,6.0,90.0,8.0,0.2,2
1,2026-01-01T12:01:57.000Z,51.5317322,-0.1539050,35.74,2.919,cycling,117,true,4.0,6.0,90.0,8.0,0.2,2
1,2026-01-01T12:01:58.000Z,51.5317307,-0.1538700,35.88,2.953,cycling,118,true,4.0,6.0,90.0,8.0,0.2,2
1,2026-01-01T12:01:59.000Z,51.5317290,-0.1538350,36.02,2.991,cycling,119,true,4.0,6.0,90.0,8.0,0.2,2
1,2026-01-01T12:02:00.000Z,51.5317273,-0.1538000,36.16,3.032,cycling,120,true,4.0,6.0,90.0,8.0,0.2,2
